time,curpos_x,curpos_y,curpos_z,curpos_a,curpos_c,mpt,melt_pool_area,outpower
2025-08-27 10:39:06.655,73.951,89.385,84.333,72.907,36.753,1586.1053601161007,,503.91193607650735
2025-08-27 10:39:06.735,33.112,57.673,100.303,65.742,118.917,1674.9511343512047,,505.106241834287
2025-08-27 10:39:06.762,79.153,79.621,53.273,108.089,64.15,1679.0594700806612,,495.19468122317244
2025-08-27 10:39:06.817,18.92,28.496,48.117,18.377,1.223,1666.4645544806651,,500.9816322528855
2025-08-27 10:39:06.873,70.29,2.309,52.029,-47.408,76.151,1440.8477564839475,,500.9850539293081
2025-08-27 10:39:06.904,40.261,-4.767,8.949,-9.668,10.325,1561.7827470074787,,507.83007007147427
2025-08-27 10:39:06.967,123.356,2.797,126.968,97.542,72.501,1770.692587918525,,486.1493985417666
2025-08-27 10:39:06.998,19.181,50.092,53.085,101.668,78.974,1636.2861158867024,,496.7236741898829
2025-08-27 10:39:07.051,74.654,124.626,13.609,-14.946,126.179,1598.8954015491788,,493.0091619478951
2025-08-27 10:39:07.107,14.189,11.545,-17.785,71.33,80.02,1641.966478253952,,495.8029963177783
2025-08-27 10:39:07.139,129.879,138.338,-52.925,89.842,24.344,1470.9929032512978,,502.7840775411351
2025-08-27 10:39:07.173,99.238,-5.326,116.913,87.175,61.74,1675.7100508236017,,493.2284761100019
2025-08-27 10:39:07.249,78.121,122.931,26.005,40.57,67.707,1522.4269785455456,,496.1497237038009
2025-08-27 10:39:07.280,100.901,83.077,-13.187,40.341,72.417,1538.909566200626,,503.3970081883828
2025-08-27 10:39:07.343,99.322,81.862,43.382,112.908,3.048,1546.3135586270796,,492.63124937149
2025-08-27 10:39:07.377,11.98,33.748,90.751,72.642,36.159,1532.0949518103664,,508.89565415078386
2025-08-27 10:39:07.444,101.218,50.925,2.258,51.686,14.771,1718.7087918482257,,500.0626523265096
2025-08-27 10:39:07.468,72.821,18.938,124.745,45.142,66.814,1505.4030192370135,,506.7848180375479
2025-08-27 10:39:07.529,36.306,39.5,132.904,35.923,115.017,1493.4722088147319,,486.50907963153924
2025-08-27 10:39:07.560,40.606,14.414,60.978,82.105,59.886,1582.2463390365926,,488.0427431056834
2025-08-27 10:39:07.624,85.671,107.589,45.593,-3.024,56.398,1422.7474122782683,,508.1314086494796
2025-08-27 10:39:07.655,203.132,59.693,90.105,131.084,41.723,1743.7207517052432,,506.8745136979298
2025-08-27 10:39:07.717,41.762,-70.525,80.549,79.674,118.782,1414.003752490142,,516.4172070139368
2025-08-27 10:39:07.748,-18.876,42.229,-23.183,-36.993,45.675,1736.168277326704,,493.4388920908433
2025-08-27 10:39:07.811,5.565,78.843,92.677,-26.698,100.066,1712.0896015206858,,496.7018071584946
2025-08-27 10:39:07.843,73.921,107.809,77.7,63.179,133.98,1619.4068025962683,,502.5208427788802
2025-08-27 10:39:07.905,-8.386,86.571,56.893,53.444,28.65,1503.9008619915599,,504.92729766293604
2025-08-27 10:39:07.937,151.882,23.607,-40.091,64.222,41.88,1606.2880398211503,,519.1101223435329
2025-08-27 10:39:08.000,26.263,133.503,87.56,19.431,139.467,1412.6929218044054,,492.39238543381697
2025-08-27 10:39:08.031,-18.283,72.271,36.542,-25.467,14.299,1479.719068334566,,487.874253629672
2025-08-27 10:39:08.094,124.76,49.621,78.507,59.154,-31.008,1684.0738845436326,,505.01126122343135
2025-08-27 10:39:08.124,24.685,67.983,67.162,97.968,73.077,1526.9676997221054,,510.4213899513744
2025-08-27 10:39:08.188,19.642,71.674,-17.291,31.656,21.688,1637.1834974030842,,509.65760388331915
2025-08-27 10:39:08.217,8.242,94.076,118.079,30.829,61.959,1563.2990722292823,,520.6834158237456
2025-08-27 10:39:08.281,-5.411,55.074,-25.789,101.26,36.496,1470.5262140782527,,503.6507555810348
2025-08-27 10:39:08.313,77.548,66.618,-22.144,-11.059,31.714,1609.5839429857463,,502.24976823444143
2025-08-27 10:39:08.376,8.541,3.606,6.344,11.846,-40.39,1523.9130318194343,,506.8686031353617
2025-08-27 10:39:08.407,109.082,163.944,82.498,47.497,79.922,1635.444977286888,,496.97716479004015
2025-08-27 10:39:08.470,45.915,128.152,148.516,4.693,98.965,1581.0514960973892,,502.5885241233065
2025-08-27 10:39:08.502,8.892,104.929,95.727,-52.642,-18.57,1826.802621438628,,518.3813233927399
2025-08-27 10:39:08.565,138.802,39.886,62.564,-0.221,54.617,1575.720138510634,,501.9652216121542
2025-08-27 10:39:08.596,-21.09,151.836,67.323,67.057,58.514,1537.4925726406598,,523.9740454826692
2025-08-27 10:39:08.659,70.172,41.407,66.023,75.87,29.961,1382.9585291181493,,495.7695036791939
2025-08-27 10:39:08.691,123.896,-15.24,82.94,77.943,65.229,1603.5268515523812,,501.6725853074666
2025-08-27 10:39:08.754,140.838,35.984,108.733,73.282,72.525,1371.336497547201,,490.2486904687766
2025-08-27 10:39:08.784,-0.264,141.247,71.487,137.003,28.164,1529.0447940041427,,484.78223141781234
2025-08-27 10:39:08.846,18.217,35.604,-21.504,32.051,80.829,1531.1785094337563,,506.14488140250444
2025-08-27 10:39:08.877,25.064,120.62,-36.254,52.451,-20.272,1538.2852260224138,,511.449181498054
2025-08-27 10:39:08.939,34.536,54.821,133.599,-38.673,47.278,1465.5526556667476,,491.90848718582106
2025-08-27 10:39:08.971,59.194,28.264,89.163,83.672,25.922,1666.037085983472,,501.15798483284385
2025-08-27 10:39:09.031,48.88,55.186,87.43,165.898,60.528,1560.8574891969195,,501.2789080524367
2025-08-27 10:39:09.063,64.23,-29.143,117.088,88.439,105.143,1507.8202608170848,,500.3988340264694
2025-08-27 10:39:09.125,30.512,38.12,-1.196,49.662,131.709,1300.9240672409303,,503.9537259563923
2025-08-27 10:39:09.156,-43.662,115.349,-7.066,10.977,108.472,1571.8631823496464,,499.61960731949335
2025-08-27 10:39:09.214,15.912,54.155,77.93,116.995,34.048,1575.2441482877819,,494.4139736217884
2025-08-27 10:39:09.248,145.206,83.753,107.136,-28.211,-0.213,1561.0120131155386,,501.3623404816516
2025-08-27 10:39:09.313,49.815,23.366,146.481,42.142,44.962,1547.8670250626265,,496.09056885150386
2025-08-27 10:39:09.344,-15.123,126.356,12.951,10.634,2.635,1557.9944180651462,,483.8188369210114
2025-08-27 10:39:09.407,35.701,87.524,36.448,-4.844,75.743,1704.184700251549,,490.30533360399073
2025-08-27 10:39:09.438,67.288,47.121,-18.768,106.204,155.912,1778.7175310311175,,498.86137057796196
2025-08-27 10:39:09.499,19.253,86.092,106.37,-0.749,13.862,1606.2341389440398,,505.9940352691976
2025-08-27 10:39:09.533,112.37,51.625,-28.453,36.588,-43.251,1595.3695553661246,,509.5553451127197
2025-08-27 10:39:09.597,-2.066,92.344,-70.81,-10.716,122.561,1654.177233949474,,500.8531291698739
2025-08-27 10:39:09.628,-113.717,13.248,60.306,94.055,116.082,1941.7801191755948,,483.27405040088354
2025-08-27 10:39:09.690,-35.215,76.775,41.295,-6.93,123.253,1604.652118377158,,494.03850032901414
2025-08-27 10:39:09.722,49.416,24.15,24.691,-36.824,-29.896,1669.0584109232616,,495.36994841126864
2025-08-27 10:39:09.783,7.887,66.036,18.423,85.653,157.595,1564.143398390906,,497.0858193147786
2025-08-27 10:39:09.814,90.238,14.598,33.573,39.357,82.285,1625.4777104309765,,506.8510425986121
2025-08-27 10:39:09.875,112.525,-2.745,28.118,108.651,68.672,1822.0938873591087,,493.9435660601357
2025-08-27 10:39:09.906,102.182,71.944,-16.773,101.93,11.46,1612.8120020469596,,505.1663918054344
2025-08-27 10:39:09.969,76.515,-1.609,92.24,4.921,116.876,1673.007838672719,,488.8508646137886
2025-08-27 10:39:10.000,51.192,26.703,63.955,65.542,131.246,1596.081229588964,,501.3229480484189
2025-08-27 10:39:10.064,41.238,52.059,52.127,-38.521,56.587,1727.5804780431288,,484.2203262034881
2025-08-27 10:39:10.094,152.671,66.399,23.86,101.214,167.429,1421.397597020782,,494.37601085474313
2025-08-27 10:39:10.156,53.146,64.926,138.936,30.603,90.717,1560.5278090894099,,501.2853852799975
2025-08-27 10:39:10.187,5.581,67.046,142.123,52.789,41.675,1749.2781636754555,,492.49931323231516
2025-08-27 10:39:10.248,-21.226,76.167,43.819,42.581,6.476,1499.331969715212,,497.6424175142346
2025-08-27 10:39:10.280,11.359,10.93,116.423,-19.778,20.902,1695.4658354731735,,491.4751047295561
2025-08-27 10:39:10.341,81.73,20.426,103.635,77.736,-26.892,1656.0590174684557,,503.179338788485
2025-08-27 10:39:10.373,79.119,-36.055,40.147,93.483,18.359,1559.6900401496164,,494.2175318776816
2025-08-27 10:39:10.435,36.169,33.744,36.067,65.837,5.955,1662.8491236279986,,495.0389887231897
2025-08-27 10:39:10.465,47.621,38.634,52.159,25.489,83.826,1454.7436036438019,,505.76375833611837
2025-08-27 10:39:10.528,35.2,52.869,30.63,84.076,25.971,1673.647076087613,,504.3800470832729
2025-08-27 10:39:10.558,107.463,42.287,129.155,28.388,55.453,1667.7413047842913,,502.6162369213828
2025-08-27 10:39:10.621,52.285,119.362,108.087,70.048,6.468,1623.9694285430792,,515.2337510753019
2025-08-27 10:39:10.652,147.79,-15.803,104.992,92.083,63.152,1589.1209027189557,,525.9738374930035
2025-08-27 10:39:10.714,-4.598,107.201,10.713,41.413,58.302,1679.726590070084,,468.5221389544788
2025-08-27 10:39:10.747,0.893,95.167,-27.199,29.833,98.911,1533.5551674276796,,498.849445133842
2025-08-27 10:39:10.808,96.073,15.155,60.117,158.247,10.964,1559.2990223603451,,499.1152674854025
2025-08-27 10:39:10.839,5.059,105.457,79.532,35.885,133.584,1574.2845614090834,,498.39084799483294
2025-08-27 10:39:10.902,25.607,224.988,6.494,104.982,67.466,1754.7585102693322,,499.5102941914981
2025-08-27 10:39:10.933,-10.65,81.176,77.909,44.27,112.393,1607.4196919068481,,505.10820885207926
2025-08-27 10:39:10.997,34.791,114.848,-5.583,68.042,45.8,1398.8806327355362,,496.9351087173914
2025-08-27 10:39:11.028,90.472,80.782,54.038,91.409,31.557,1504.1644253197783,,499.2912784245368
2025-08-27 10:39:11.090,49.351,51.159,59.622,55.642,116.763,1492.431133673713,,509.92216275507053
2025-08-27 10:39:11.121,37.95,-34.369,-38.144,31.75,45.603,1697.110807263124,,494.35533593749875
2025-08-27 10:39:11.183,56.941,37.277,79.73,148.566,10.471,1588.4428332329965,,501.74390481792125
2025-08-27 10:39:11.215,-9.924,93.086,-18.031,80.105,174.61,1525.3942186389925,,486.0456953716205
2025-08-27 10:39:11.278,49.352,82.639,1.171,40.788,64.413,1713.752554313062,,502.2081048759742
2025-08-27 10:39:11.308,-23.943,4.24,43.555,34.726,77.331,1555.0066725884217,,485.8426295835949
2025-08-27 10:39:11.370,62.022,37.193,16.568,-5.434,-64.996,1693.283150240685,,498.29956471676644
2025-08-27 10:39:11.401,62.493,98.869,-32.48,6.529,33.268,1556.2836641628298,,489.2694314962953
2025-08-27 10:39:11.463,-16.155,-47.252,30.457,69.102,-7.874,1465.0107822938942,,516.414386868598
2025-08-27 10:39:11.495,63.042,-2.559,25.228,42.717,26.371,1598.0640773942184,,518.3523003716653
2025-08-27 10:39:11.558,83.423,71.777,126.179,114.12,56.715,1617.8919447023472,,507.9126116134486
2025-08-27 10:39:11.587,142.131,33.753,5.041,116.824,131.791,1710.1935798170102,,504.22731657455927
2025-08-27 10:39:11.651,51.592,37.334,66.1,-17.061,98.971,1529.4738800057246,,499.319901868718
2025-08-27 10:39:11.683,71.846,51.883,72.577,53.602,15.803,1678.775412920643,,524.2979979167507
2025-08-27 10:39:11.745,95.573,164.254,80.523,107.119,-4.182,1679.3932619572834,,503.01540850759545
2025-08-27 10:39:11.777,4.124,106.369,132.419,80.613,-36.539,1705.45704646036,,496.9912103102664
2025-08-27 10:39:11.838,99.015,50.073,41.543,-0.597,56.962,1683.166941673253,,493.6774790990644
2025-08-27 10:39:11.869,88.966,38.421,25.291,107.341,86.929,1512.9561950415098,,501.5297896802971
2025-08-27 10:39:11.931,102.554,83.226,52.308,-47.798,72.577,1494.3263954038323,,497.49448204939165
2025-08-27 10:39:11.964,83.646,105.083,3.534,61.395,101.271,1555.9544089974447,,511.56621579139005
2025-08-27 10:39:12.027,28.417,-2.79,-83.535,53.312,91.731,1613.7322946130928,,508.71498386215507
2025-08-27 10:39:12.058,33.207,75.443,43.625,-26.544,81.278,1667.4091139877125,,515.8584299875258
2025-08-27 10:39:12.120,68.931,108.217,71.825,-25.711,-17.57,1766.1760517533787,,496.0903280474874
2025-08-27 10:39:12.152,102.593,71.212,50.498,10.804,-18.186,1534.7684617373502,,501.4887769108294
2025-08-27 10:39:12.215,31.406,12.651,136.436,8.01,28.763,1633.1930525046118,,490.56619580843744
2025-08-27 10:39:12.245,48.887,82.405,-24.151,-19.28,13.155,1486.2812956114274,,509.11075512789057
2025-08-27 10:39:12.308,1.408,74.64,-114.995,85.074,52.501,1660.1649992416576,,509.87099078879515
2025-08-27 10:39:12.338,100.287,86.988,70.728,-12.671,34.219,1483.5429707007404,,492.464036672957
2025-08-27 10:39:12.402,125.228,16.592,71.759,71.962,48.025,1653.5134683226995,,515.2706579176117
2025-08-27 10:39:12.433,17.232,91.993,60.88,17.765,79.977,1553.3385547432329,,509.10841349536645
2025-08-27 10:39:12.496,-16.141,18.057,31.678,-7.404,-36.004,1595.5696071934217,,514.4138527650864
2025-08-27 10:39:12.527,28.093,35.486,107.969,6.825,26.237,1755.482882364635,,504.15985034356396
2025-08-27 10:39:12.589,62.003,145.453,101.998,44.587,13.077,1784.808919028687,,492.9680006692479
2025-08-27 10:39:12.621,30.75,-3.68,5.091,105.855,35.612,1437.6218947136597,,481.517491392871
2025-08-27 10:39:12.682,104.687,61.611,41.693,-16.462,100.839,1625.7833417770053,,493.956674447898
2025-08-27 10:39:12.713,112.415,49.004,80.833,72.468,103.026,1483.0810834456,,502.19007711240806
2025-08-27 10:39:12.776,41.239,30.027,26.664,50.29,111.371,1671.1249394140373,,508.98320311274006
2025-08-27 10:39:12.806,-3.694,142.824,44.038,-1.905,70.069,1589.1941397114315,,522.2824709246831
2025-08-27 10:39:12.868,39.498,40.725,36.578,22.077,42.041,1551.4808296414617,,497.3406623406283
2025-08-27 10:39:12.900,23.471,40.339,-12.4,102.596,34.461,1367.4574048850398,,515.7730531438449
2025-08-27 10:39:12.963,52.661,66.077,122.223,-124.915,47.4,1636.445948040054,,506.032403889046
2025-08-27 10:39:13.026,-42.229,-1.494,3.291,10.012,89.69,1513.7060949437216,,506.5628075795682
2025-08-27 10:39:13.058,-19.454,83.521,73.746,-1.698,97.321,1571.0658268589511,,493.76842543699337
2025-08-27 10:39:13.120,50.607,-28.723,70.383,44.825,130.015,1638.1409768071,,503.04516662085143
2025-08-27 10:39:13.151,89.269,73.737,-11.229,10.498,42.7,1421.061141459568,,499.60244150851435
2025-08-27 10:39:13.213,49.335,62.474,9.525,114.436,101.019,1622.619240429732,,507.79062391426476
2025-08-27 10:39:13.245,43.539,48.031,6.864,17.454,63.722,1589.8971003654838,,518.754146898172
2025-08-27 10:39:13.306,37.816,37.739,89.629,39.827,37.985,1701.0990817804798,,495.5736268344822
2025-08-27 10:39:13.338,-6.522,72.376,18.96,41.219,-29.028,1522.8196858375,,477.8188134488215
2025-08-27 10:39:13.401,81.22,22.182,-28.577,-26.52,20.901,1572.758937148151,,507.8030822446636
2025-08-27 10:39:13.434,112.789,54.523,65.134,-30.348,80.774,1717.826013415769,,499.01765088067515
2025-08-27 10:39:13.496,53.129,61.878,-27.494,11.442,20.269,1561.1327338245837,,515.1889682426154
2025-08-27 10:39:13.526,90.35,99.951,101.825,138.032,-40.413,1523.9435882321511,,482.1907879807596
2025-08-27 10:39:13.589,-38.394,86.915,134.919,50.2,19.148,1755.1710261425562,,489.62306333709137
2025-08-27 10:39:13.619,69.486,33.447,3.744,95.308,98.493,1688.3679311387245,,505.6619224791435
2025-08-27 10:39:13.682,14.079,-1.624,5.939,152.599,64.078,1624.8000187462203,,490.63241405470103
2025-08-27 10:39:13.713,4.87,48.89,40.186,94.482,23.637,1479.4152779014191,,482.493888752981
2025-08-27 10:39:13.775,-47.204,14.803,79.964,3.996,-86.95,1721.1038565329188,,504.9524264467215
2025-08-27 10:39:13.807,-31.034,79.863,86.276,59.429,47.17,1440.168650773203,,492.1891875036012
2025-08-27 10:39:13.870,65.873,20.103,35.564,32.037,116.459,1647.9989036340876,,499.44844635946504
2025-08-27 10:39:13.900,79.661,20.992,113.2,-6.386,79.748,1632.5358872909121,,499.05808608293034
2025-08-27 10:39:13.964,105.821,16.561,121.083,16.84,-5.5,1600.0900499937934,,492.1820421347555
2025-08-27 10:39:13.995,35.81,13.01,-27.871,-53.357,16.153,1709.0919684197595,,513.5476659243673
2025-08-27 10:39:14.057,111.027,63.096,96.135,141.89,54.962,1691.3900654638032,,490.8195107497114
2025-08-27 10:39:14.088,130.42,-50.675,59.711,60.841,15.907,1647.7213001757536,,499.7961893298385
2025-08-27 10:39:14.150,-1.28,1.589,107.534,90.699,25.699,1511.8327833037276,,478.5762375175114
2025-08-27 10:39:14.181,117.372,48.193,61.957,102.704,8.333,1859.3592547637027,,520.571422260149
2025-08-27 10:39:14.243,115.472,67.445,41.043,11.88,57.11,1493.8132405972128,,503.8326162781908
2025-08-27 10:39:14.274,71.272,30.746,73.69,81.4,43.909,1602.8578735621948,,480.4286492629596
2025-08-27 10:39:14.337,121.257,48.597,71.938,43.745,76.299,1607.1015425959818,,502.1020678676452
2025-08-27 10:39:14.368,44.096,54.365,-5.169,10.465,67.912,1398.815084209425,,497.02738134825734
2025-08-27 10:39:14.430,-7.406,34.754,94.332,88.146,-15.984,1460.1896096515025,,480.4942190659964
2025-08-27 10:39:14.461,92.812,67.139,103.427,67.819,59.245,1635.4112891420073,,502.5956645373288
2025-08-27 10:39:14.523,68.104,24.121,58.898,109.156,41.05,1585.2683402236498,,489.2552365764926
2025-08-27 10:39:14.553,96.13,85.167,-0.715,82.607,31.592,1441.9769962243242,,507.0087549051285
2025-08-27 10:39:14.615,72.872,18.095,55.589,93.439,45.89,1678.210238329615,,497.2007392202991
2025-08-27 10:39:14.646,90.501,-56.15,59.862,101.928,4.557,1597.3811139630213,,496.5486216946139
2025-08-27 10:39:14.709,128.36,71.152,-16.683,50.786,17.625,1576.3887455605343,,496.9069989359368
2025-08-27 10:39:14.741,106.644,-3.39,91.149,67.07,-9.787,1390.3430677419672,,498.6303074989459
2025-08-27 10:39:14.805,83.63,103.139,138.981,102.594,90.682,1646.9458945966867,,510.30588032919877
2025-08-27 10:39:14.836,33.191,89.359,53.409,36.506,106.793,1451.6354207437746,,499.32662001518617
2025-08-27 10:39:14.897,97.948,18.012,7.569,29.075,-5.492,1566.594462535724,,504.30992534044213
2025-08-27 10:39:14.929,74.262,76.826,-45.709,69.402,41.411,1462.7836658729802,,495.95571014124295
2025-08-27 10:39:14.992,-4.473,32.266,68.676,118.66,-31.852,1537.3620792208894,,501.39645659376083
2025-08-27 10:39:15.023,-7.573,146.14,37.804,11.732,79.058,1641.9392490390699,,493.7744676148858
2025-08-27 10:39:15.087,65.89,82.95,129.036,71.058,5.637,1590.2090923649287,,515.8939804293507
2025-08-27 10:39:15.118,50.586,-33.084,88.994,99.295,36.493,1546.783244546528,,501.4606183841336
2025-08-27 10:39:15.181,79.603,119.151,-32.623,36.792,19.786,1504.825583417078,,520.3817582714588
2025-08-27 10:39:15.212,-65.822,27.073,130.706,46.062,19.937,1537.7824701674413,,516.1461932822751
2025-08-27 10:39:15.274,-39.708,68.623,110.958,61.821,136.496,1514.0918487571284,,510.32075899010096
2025-08-27 10:39:15.306,-17.006,70.64,0.023,54.649,49.043,1305.3087350913681,,502.62852260230636
2025-08-27 10:39:15.370,44.407,46.032,80.462,30.992,-9.131,1639.3197858386775,,506.70160013524344
2025-08-27 10:39:15.401,20.086,0.909,67.119,61.972,206.752,1500.1730753367144,,498.4376055607623
2025-08-27 10:39:15.464,-67.787,-11.057,60.043,12.519,45.612,1561.618341730651,,474.3122736126566
2025-08-27 10:39:15.495,25.294,139.558,47.919,18.208,110.237,1471.9621027049875,,472.7659325622504
2025-08-27 10:39:15.557,112.423,65.951,-16.034,-63.956,24.754,1650.4952207041222,,482.2562591170926
2025-08-27 10:39:15.589,-36.398,47.369,68.796,54.931,23.839,1490.8432920525224,,491.80685664745016
2025-08-27 10:39:15.652,37.147,55.071,81.764,121.003,51.493,1704.099301601533,,489.5266246692183
2025-08-27 10:39:15.683,41.878,8.198,16.174,24.504,2.547,1663.262336918497,,514.8368297335334
2025-08-27 10:39:15.747,-9.136,84.29,98.65,70.419,56.654,1501.6806791312745,,505.45407831051705
2025-08-27 10:39:15.777,49.701,25.92,134.452,37.457,30.898,1540.0139259454763,,512.6037279832825
2025-08-27 10:39:15.839,-7.39,56.054,54.802,32.064,78.754,1403.4485734018558,,502.2287647385745
2025-08-27 10:39:15.871,41.512,34.697,-25.349,62.046,43.649,1597.9071208643015,,500.8257139842414
2025-08-27 10:39:15.933,98.695,63.674,-16.166,160.324,127.725,1670.5373050887167,,496.63577577268956
2025-08-27 10:39:15.965,-9.81,52.831,94.054,-39.464,-3.166,1609.3536896923133,,478.9792126360101
2025-08-27 10:39:16.028,74.412,41.548,34.235,79.923,3.957,1623.243069974013,,506.08915597935163
2025-08-27 10:39:16.060,40.315,-25.844,64.17,-35.167,74.52,1546.7857192845856,,489.31478876243654
2025-08-27 10:39:16.122,18.378,8.741,80.923,15.437,54.067,1696.6085947538363,,497.3559682821854
2025-08-27 10:39:16.153,21.351,58.86,-0.991,6.138,-20.192,1463.4937096621725,,496.09114643617403
2025-08-27 10:39:16.215,51.116,133.959,12.19,16.199,46.125,1468.743130405308,,510.96886987406555
2025-08-27 10:39:16.246,95.907,-44.705,106.056,43.572,29.121,1599.8528547360138,,505.9721777883324
2025-08-27 10:39:16.309,27.11,-59.389,50.771,-18.705,-8.481,1819.1874194369964,,504.78396083481556
2025-08-27 10:39:16.341,-80.271,-30.272,43.302,45.557,56.487,1699.287855615489,,483.1780432920073
2025-08-27 10:39:16.403,56.777,31.124,42.463,43.393,133.457,1619.808518715482,,503.4738342423678
2025-08-27 10:39:16.433,96.512,48.253,-61.168,63.097,24.005,1505.138505215497,,508.28909812900105
2025-08-27 10:39:16.494,14.414,17.443,65.247,36.441,53.796,1469.5337108501121,,502.65754815492306
2025-08-27 10:39:16.526,23.367,-12.405,23.151,24.71,-23.31,1651.8279589951055,,488.3609049416227
2025-08-27 10:39:16.588,10.815,91.616,40.86,116.874,193.986,1535.1639589053746,,491.6022441143444
2025-08-27 10:39:16.620,80.768,68.734,41.129,-38.085,63.771,1531.0717138619004,,487.16050194515225
2025-08-27 10:39:16.683,7.414,39.157,69.463,53.45,78.59,1452.803519566322,,495.8744635008661
2025-08-27 10:39:16.714,91.728,-49.295,72.113,93.813,54.516,1612.914202263024,,487.4794963729616
2025-08-27 10:39:16.777,116.469,35.189,55.318,125.927,56.198,1595.5477362013798,,493.2651130754039
2025-08-27 10:39:16.808,31.403,54.179,4.357,102.728,130.651,1631.4688039523915,,507.49274098354624
2025-08-27 10:39:16.870,125.093,92.93,62.151,60.004,37.329,1649.980862830229,,487.07940630674585
2025-08-27 10:39:16.901,-12.272,132.778,51.117,95.892,84.183,1663.3475018830213,,492.0669119146058
2025-08-27 10:39:16.965,123.822,27.064,15.979,53.769,9.556,1502.3687320606664,,507.74120829130004
2025-08-27 10:39:16.996,87.043,69.653,-15.998,3.517,-22.143,1458.3437620674115,,498.7123390525104
2025-08-27 10:39:17.059,42.811,79.362,-7.948,93.019,7.496,1641.9565880405978,,490.3506207979914
2025-08-27 10:39:17.090,14.359,30.706,-44.849,7.657,126.136,1560.0220597940956,,501.91735312245476
2025-08-27 10:39:17.152,-53.881,131.45,71.512,16.365,10.054,1638.2926127841943,,504.29312829964874
2025-08-27 10:39:17.183,-8.836,36.27,45.804,5.509,134.112,1613.0534484851432,,506.1631861039643
2025-08-27 10:39:17.247,52.345,90.205,0.966,-51.433,16.37,1486.2311774374268,,506.4056805833696
2025-08-27 10:39:17.277,8.119,99.574,3.681,95.796,-16.444,1429.0240276397174,,487.0401629913519
2025-08-27 10:39:17.338,71.445,-4.232,16.303,105.796,-0.403,1614.1435869009715,,497.92601791689856
2025-08-27 10:39:17.369,-25.075,183.078,24.779,36.09,30.174,1547.64789876133,,499.92163117100137
2025-08-27 10:39:17.431,115.297,92.866,28.007,57.266,29.857,1770.6572211729672,,496.5036753697748
2025-08-27 10:39:17.462,0.772,80.162,-4.965,45.873,100.547,1692.0036185926715,,500.6750624145987
2025-08-27 10:39:17.525,77.607,115.734,90.187,93.825,75.298,1622.2504127332195,,499.4926396856779
2025-08-27 10:39:17.556,-23.128,65.607,19.922,38.51,42.925,1522.7782547987367,,511.3145433661475
2025-08-27 10:39:17.619,47.374,-26.254,45.8,14.193,126.88,1630.710558104932,,497.95279828415147
2025-08-27 10:39:17.651,59.738,71.92,-24.421,118.748,23.126,1497.3183080634437,,516.5154239987256
2025-08-27 10:39:17.715,19.372,-21.403,121.911,33.522,89.531,1539.288959827118,,499.98309796009147
2025-08-27 10:39:17.745,67.627,58.655,51.315,8.314,56.592,1811.3172915007797,,499.5002292374224
2025-08-27 10:39:17.808,54.226,42.233,-6.978,8.369,94.706,1573.2706864625973,,502.5711025990265
2025-08-27 10:39:17.838,22.481,9.648,-10.877,92.044,64.456,1596.667458462842,,507.5929067276327
2025-08-27 10:39:17.901,59.442,36.423,62.275,2.085,106.322,1481.3937167091376,,495.42650905594303
2025-08-27 10:39:17.931,34.32,31.979,19.354,-0.885,138.186,1604.705052329957,,499.4422523115723
2025-08-27 10:39:17.994,108.362,31.239,-37.042,-12.3,15.828,1380.249346796396,,504.3202685866992
2025-08-27 10:39:18.024,67.748,-13.568,67.226,44.703,83.67,1751.3447955992647,,509.15064997496825
2025-08-27 10:39:18.087,124.722,153.406,17.881,-51.28,24.584,1703.9855396230835,,505.7835261831676
2025-08-27 10:39:18.118,60.204,8.778,55.168,52.12,-36.18,1523.788934726826,,488.1676613292606
2025-08-27 10:39:18.180,34.818,168.36,92.009,65.594,-11.539,1574.632536272141,,506.1548027768923
2025-08-27 10:39:18.212,101.76,41.433,31.916,130.893,111.178,1551.1586021731157,,487.44277329113277
2025-08-27 10:39:18.274,66.295,91.51,112.197,49.582,31.859,1620.6689512831956,,496.88496316933583
2025-08-27 10:39:18.306,74.489,118.874,-5.568,28.579,10.928,1806.2764305076178,,521.2810714993927
2025-08-27 10:39:18.368,80.078,20.988,25.305,-30.093,33.953,1494.3059877993123,,497.7338806335472
2025-08-27 10:39:18.400,65.456,31.057,115.027,106.636,16.636,1652.174499777936,,489.9443344050207
2025-08-27 10:39:18.462,32.075,-45.556,68.013,65.722,-61.668,1521.561876695536,,510.1149693869171
2025-08-27 10:39:18.493,9.916,-2.402,-53.887,85.317,121.835,1540.1702049011012,,499.83105751675924
2025-08-27 10:39:18.555,37.474,57.467,151.318,64.779,156.546,1522.9439922789488,,512.0478371768249
2025-08-27 10:39:18.587,102.94,17.341,12.588,-4.196,33.137,1605.0312100827675,,505.2478787096288
2025-08-27 10:39:18.648,102.802,62.859,20.224,54.341,120.301,1603.9762925526877,,498.17311097021206
2025-08-27 10:39:18.681,71.482,92.048,36.837,24.5,52.915,1607.983639226682,,502.42408032393564
2025-08-27 10:39:18.744,28.613,90.262,9.012,147.739,46.203,1560.479451111372,,517.632685834494
2025-08-27 10:39:18.776,51.381,-45.208,116.42,62.204,16.657,1424.0287774348174,,496.4949350279328
2025-08-27 10:39:18.838,24.036,-62.174,-32.634,98.44,51.043,1642.014582860225,,495.4597333276399
2025-08-27 10:39:18.869,41.415,72.475,86.917,22.043,44.874,1488.9903352108197,,495.13576441980854
2025-08-27 10:39:18.931,45.015,-34.726,22.034,-32.314,53.459,1627.9986797631386,,490.66763108852433
2025-08-27 10:39:18.961,43.798,95.066,29.481,75.069,62.819,1549.2183393697069,,486.16900745643164
2025-08-27 10:39:19.022,-51.584,41.406,58.663,164.699,53.754,1442.6374466967752,,508.07273816870975
2025-08-27 10:39:19.054,74.075,36.44,-31.708,1.544,60.123,1366.958771367648,,500.3293089484556
2025-08-27 10:39:19.117,-40.765,29.796,103.669,51.056,99.723,1455.2385587840263,,487.13676864322355
2025-08-27 10:39:19.149,32.189,65.905,58.128,141.003,93.603,1606.511156936994,,497.4012971940474
2025-08-27 10:39:19.212,88.094,56.14,128.431,7.192,75.328,1769.0305445343554,,492.8623743754623
2025-08-27 10:39:19.241,60.377,20.988,39.07,-22.589,46.749,1391.364500787399,,492.0064313519776
2025-08-27 10:39:19.304,32.135,4.989,61.649,124.456,34.534,1549.5121405552968,,493.8787026799804
2025-08-27 10:39:19.334,16.278,13.963,47.323,21.185,80.986,1545.3759264456355,,506.22211954237827
2025-08-27 10:39:19.399,40.691,125.583,94.036,-8.676,10.101,1730.526070018437,,497.1007127318106
2025-08-27 10:39:19.428,-4.697,44.505,21.339,-78.137,23.755,1659.3345643239452,,496.6814111779014
2025-08-27 10:39:19.491,44.088,-15.709,26.104,5.612,30.105,1523.2014357015019,,511.26497401280386
2025-08-27 10:39:19.522,20.043,37.201,8.6,101.105,56.127,1590.9663250846706,,487.2861716697384
2025-08-27 10:39:19.583,66.654,24.041,71.669,120.423,61.103,1622.3463263129229,,516.8218795068532
2025-08-27 10:39:19.615,54.342,0.31,33.727,85.094,101.158,1499.0332740516612,,492.1083330004384
2025-08-27 10:39:19.679,-5.907,168.76,186.35,64.572,110.056,1498.1258517615136,,505.4420312985886
2025-08-27 10:39:19.711,222.716,32.683,90.877,12.296,41.389,1818.244341200575,,504.2054184834384
2025-08-27 10:39:19.742,-43.455,66.411,64.975,-12.264,142.685,1474.705344278701,,494.1601835975881
2025-08-27 10:39:19.799,37.849,48.269,86.578,69.751,30.0,1582.5745555325993,,497.16782602347473
2025-08-27 10:39:19.868,146.085,101.949,46.103,1.223,72.166,1648.3448551451545,,509.93380290860085
2025-08-27 10:39:19.899,27.548,-5.695,46.874,41.094,31.758,1585.934552612274,,498.0069506168943
2025-08-27 10:39:19.962,17.394,74.529,47.892,53.582,96.67,1521.658103636145,,495.00193190179533
2025-08-27 10:39:19.993,91.499,45.974,46.304,72.498,7.632,1485.7271288052223,,488.8757060241326
2025-08-27 10:39:20.056,122.808,74.548,89.478,140.808,121.041,1772.2018769651115,,483.8304751265538
2025-08-27 10:39:20.088,72.095,79.845,72.155,74.998,28.187,1747.5131938071643,,510.6079504235193
2025-08-27 10:39:20.150,109.561,56.341,58.574,131.723,79.216,1761.3254552101832,,502.997213000341
2025-08-27 10:39:20.181,36.206,-8.937,66.021,76.576,23.285,1609.998178307801,,508.8458983109283
2025-08-27 10:39:20.245,106.095,71.895,108.323,-2.652,-13.47,1524.8198614633325,,508.2818303105799
2025-08-27 10:39:20.276,95.488,71.239,121.842,11.014,54.546,1464.839465068645,,508.6646668561147
2025-08-27 10:39:20.339,84.541,-1.072,74.059,94.113,12.312,1565.9635543043958,,488.51302379323715
2025-08-27 10:39:20.371,22.149,54.808,129.864,-9.115,85.953,1445.768868911196,,504.3613460776902
2025-08-27 10:39:20.433,80.433,150.404,25.971,39.186,78.898,1398.624454419624,,504.20281579787786
2025-08-27 10:39:20.466,118.969,68.629,67.484,38.944,28.671,1505.3082348156936,,507.6087131076418
2025-08-27 10:39:20.527,9.588,95.588,53.104,-6.596,-11.35,1838.5255712828764,,496.8789085342841
2025-08-27 10:39:20.559,60.867,74.397,95.018,16.67,72.661,1480.6376045037043,,496.78841256677913
2025-08-27 10:39:20.620,25.11,45.96,131.851,44.723,85.613,1640.3686396200105,,490.67832435117316
2025-08-27 10:39:20.651,-5.978,36.938,28.921,55.58,74.321,1639.7550349480869,,485.915422404374
2025-08-27 10:39:20.713,46.811,53.964,61.307,83.318,61.61,1640.3919044076206,,500.16837005590537
2025-08-27 10:39:20.744,52.478,112.626,32.312,-20.767,30.013,1661.526108861107,,508.36549884198587
2025-08-27 10:39:20.810,115.171,96.643,102.633,137.978,68.026,1610.5882300951246,,491.4906889448591
2025-08-27 10:39:20.860,116.696,81.4,146.74,67.747,17.025,1688.119229882372,,513.5900342894474
2025-08-27 10:39:20.886,37.724,144.596,28.168,55.194,-22.629,1581.8218244392438,,497.23210457652556
2025-08-27 10:39:20.948,81.869,19.413,75.04,7.304,70.956,1556.4512328261847,,497.5288267475976
2025-08-27 10:39:20.980,20.244,125.052,45.985,8.737,-19.156,1545.1984300935158,,525.7256527051011
2025-08-27 10:39:21.009,128.515,65.487,130.406,54.5,57.253,1507.9529122214203,,498.11432941916314
2025-08-27 10:39:21.087,100.296,-45.004,20.745,113.988,67.317,1523.2959598683206,,488.65373678677065
2025-08-27 10:39:21.119,135.126,92.296,37.799,-19.839,54.929,1633.3440880963092,,509.4370267875362
2025-08-27 10:39:21.173,58.15,53.963,43.286,67.052,-30.287,1568.7148141995867,,482.8233761718576
2025-08-27 10:39:21.230,17.009,65.996,23.796,65.93,81.14,1671.7259744214828,,492.3244085315254
2025-08-27 10:39:21.259,-47.235,2.708,43.747,39.464,49.791,1623.5093748973447,,487.42694247965534
2025-08-27 10:39:21.323,94.064,37.762,42.606,90.046,-32.825,1534.4245121421854,,501.68679194036986
2025-08-27 10:39:21.354,129.573,19.527,15.885,8.703,171.547,1574.9117425634527,,494.7547956777856
2025-08-27 10:39:21.416,19.701,-36.084,-30.831,28.954,120.163,1652.0833592060098,,499.1093615219787
2025-08-27 10:39:21.447,106.717,29.684,92.004,-8.379,52.05,1722.3165728120468,,498.67481274114846
2025-08-27 10:39:21.509,120.139,57.011,69.01,32.444,-49.494,1798.3879847746266,,501.38697532654305
2025-08-27 10:39:21.542,-9.22,-46.278,-1.108,137.633,147.539,1578.5977337524246,,477.3033096907616
2025-08-27 10:39:21.602,95.518,22.465,-9.769,-21.242,50.244,1581.9343459658744,,497.9693531571899
2025-08-27 10:39:21.633,82.826,93.462,57.278,128.076,120.808,1619.5880259308753,,502.58288429677964
2025-08-27 10:39:21.695,83.364,58.545,57.416,149.385,42.741,1644.1310615490713,,523.074564323847
2025-08-27 10:39:21.726,44.71,70.405,-14.987,84.831,78.888,1580.0675152525248,,492.2427236241708
2025-08-27 10:39:21.789,69.599,70.801,67.769,55.504,-7.506,1561.427025471131,,515.1752635724524
2025-08-27 10:39:21.821,89.333,56.668,2.892,62.123,-0.694,1429.8084355533513,,485.8749256312915
2025-08-27 10:39:21.883,70.944,74.601,76.488,-56.184,77.707,1362.268528495553,,495.3711255395789
2025-08-27 10:39:21.914,38.143,125.4,126.412,45.892,35.3,1509.6060596091058,,509.3600336640624
2025-08-27 10:39:21.976,71.458,45.737,56.859,-9.354,-81.943,1760.1445516968988,,495.0808785530283
2025-08-27 10:39:22.008,-30.874,40.082,-5.028,13.232,-15.617,1629.1573850065029,,497.9784288262827
2025-08-27 10:39:22.067,-2.035,31.286,77.032,-32.356,86.297,1669.3876386115494,,498.80584245416867
2025-08-27 10:39:22.067,-2.035,31.286,77.032,-32.356,86.297,1669.3876386115494,,498.80584245416867
2025-08-27 10:39:22.151,-10.728,18.762,113.625,-34.616,31.825,1746.3899516287906,,520.0207189355415
2025-08-27 10:39:22.180,81.208,90.275,52.113,19.985,69.959,1347.1649356633638,,486.8724332938765
2025-08-27 10:39:22.253,-7.416,155.164,89.848,83.803,25.564,1566.8607938868,,503.68306366655696
2025-08-27 10:39:22.275,39.762,79.433,44.415,75.904,19.369,1475.89041059586,,512.942988020442
2025-08-27 10:39:22.335,33.368,117.759,80.715,56.924,138.79,1500.9361583674545,,515.2312267569737
2025-08-27 10:39:22.368,31.275,99.415,-17.163,83.688,-27.06,1644.9373795869215,,498.8872188061005
2025-08-27 10:39:22.428,16.01,8.523,63.696,80.277,6.661,1568.6891950061672,,507.5137252884983
2025-08-27 10:39:22.493,67.593,50.771,20.329,10.52,46.472,1554.0605598246304,,502.2568552176356
2025-08-27 10:39:22.525,158.701,45.549,41.799,43.63,46.375,1569.8311542245601,,501.5971432193098
2025-08-27 10:39:22.586,112.606,114.733,96.649,35.381,49.826,1595.4655166973191,,501.66239390224115
2025-08-27 10:39:22.617,73.889,68.336,24.158,45.586,39.272,1689.4634100222215,,500.1167632071145
2025-08-27 10:39:22.678,152.431,29.612,-2.658,28.802,12.63,1464.9451125113262,,501.7473012468147
2025-08-27 10:39:22.710,36.787,23.815,51.422,10.871,65.101,1519.6249751258385,,498.7422843116207
2025-08-27 10:39:22.773,-56.189,18.587,67.908,130.313,91.484,1766.571463405164,,502.9159915662447
2025-08-27 10:39:22.805,-54.198,94.992,98.312,86.895,19.179,1501.1058181051205,,489.04652802092073
2025-08-27 10:39:22.866,-46.791,55.773,34.21,56.95,129.374,1408.1873707598936,,502.12049737324423
2025-08-27 10:39:22.898,44.568,-14.753,98.384,26.626,101.578,1482.5516356574653,,517.186304213934
2025-08-27 10:39:22.959,121.833,51.357,31.108,45.037,92.392,1502.2268034163344,,483.6367316601458
2025-08-27 10:39:22.990,61.622,32.667,107.496,59.131,92.79,1500.8444966459472,,488.00574974122065
2025-08-27 10:39:23.037,20.649,27.224,73.525,66.917,27.393,1518.5686633465791,,492.9773693857121
2025-08-27 10:39:23.102,128.118,52.707,46.822,9.576,-28.303,1585.381591056577,,488.72309125327314
2025-08-27 10:39:23.130,14.982,115.593,-31.578,121.233,42.691,1529.5360290572496,,495.3086308297143
2025-08-27 10:39:23.161,24.865,37.572,-6.601,49.279,85.807,1470.8104183947403,,502.83904934439755
2025-08-27 10:39:23.209,89.266,90.342,-44.966,68.801,68.309,1685.8252304124885,,504.6724640800677
2025-08-27 10:39:23.270,21.754,18.194,-72.626,91.089,-1.016,1534.8037102349056,,503.60812135372635
2025-08-27 10:39:23.301,19.552,92.266,87.216,93.326,-67.966,1420.6657893948427,,490.6597727489168
2025-08-27 10:39:23.364,68.251,94.817,34.214,21.507,6.356,1660.660893389481,,486.4966125603398
2025-08-27 10:39:23.398,108.17,123.801,54.302,121.303,102.347,1539.8434399657447,,495.5600934389224
2025-08-27 10:39:23.426,98.174,31.912,116.676,-46.38,115.109,1531.4659289433107,,510.5792601935729
2025-08-27 10:39:23.505,43.434,-20.615,-2.03,48.098,28.647,1548.310769057613,,509.0088260150367
2025-08-27 10:39:23.536,65.178,160.971,20.113,36.222,-21.035,1692.846206911148,,516.461980003492
2025-08-27 10:39:23.597,94.509,-3.148,148.905,61.967,-46.968,1643.8012069650472,,494.42366086824313
2025-08-27 10:39:23.627,84.807,102.517,62.935,75.569,23.53,1708.696743416435,,494.6552911543932
2025-08-27 10:39:23.692,44.383,32.981,46.333,76.336,-44.338,1487.4059902417323,,499.46450476669406
2025-08-27 10:39:23.723,-9.445,50.984,-66.751,21.426,-31.585,1552.3673832648626,,513.5735715525269
2025-08-27 10:39:23.760,93.357,41.667,63.507,80.541,78.874,1519.394623124634,,507.84786802421485
2025-08-27 10:39:23.836,100.177,33.137,4.904,19.69,-3.016,1673.7689325922292,,511.9905136401284
2025-08-27 10:39:23.902,29.639,75.265,-5.733,66.521,71.821,1654.040885658289,,505.8304416012877
2025-08-27 10:39:23.939,-33.033,25.802,22.845,38.852,44.01,1570.233062116742,,503.58412630746926
2025-08-27 10:39:24.001,44.799,51.208,18.003,-37.807,52.342,1547.0226700399733,,496.4377998096147
2025-08-27 10:39:24.032,-1.776,33.314,31.044,84.978,51.869,1709.9806300514724,,509.2220761304985
2025-08-27 10:39:24.092,86.089,53.787,3.442,36.273,24.845,1593.5779896677611,,500.48848492656475
2025-08-27 10:39:24.123,22.374,65.414,52.136,98.604,-30.383,1517.6034978959951,,490.7924318056666
2025-08-27 10:39:24.185,61.954,80.826,88.147,-2.459,56.94,1539.6978660712393,,497.3771030292391
2025-08-27 10:39:24.218,74.42,72.818,8.627,17.275,80.143,1647.9891244808641,,510.4565784435455
2025-08-27 10:39:24.277,71.726,58.83,104.963,114.863,102.457,1718.572310146758,,484.22709370692183
2025-08-27 10:39:24.308,65.74,39.086,26.03,59.316,66.652,1774.4599523321517,,509.2071583934838
2025-08-27 10:39:24.338,26.451,86.476,97.626,35.656,81.548,1452.780329870173,,493.5354696454986
2025-08-27 10:39:24.376,28.995,136.847,84.717,109.313,8.617,1758.6022152110488,,512.2118539442911
2025-08-27 10:39:24.452,10.312,63.495,71.6,-78.631,-18.289,1557.448793483303,,510.05236920086827
2025-08-27 10:39:24.452,10.312,63.495,71.6,-78.631,-18.289,1557.448793483303,,510.05236920086827
2025-08-27 10:39:24.476,26.978,3.29,99.442,40.91,136.475,1654.0954891746471,,514.6805342435708
2025-08-27 10:39:24.550,29.218,48.474,46.266,32.262,100.603,1424.942233034343,,488.81868670535516
2025-08-27 10:39:24.550,29.218,48.474,46.266,32.262,100.603,1424.942233034343,,488.81868670535516
2025-08-27 10:39:24.630,49.304,39.893,127.076,21.198,67.092,1477.8099768331047,,503.8754925689264
2025-08-27 10:39:24.684,35.389,76.035,32.574,57.189,31.154,1608.901670087725,,522.3071225808006
2025-08-27 10:39:24.737,117.112,42.164,110.319,57.271,27.536,1581.446869847738,,495.9446538913009
2025-08-27 10:39:24.793,21.171,-26.264,37.332,7.959,117.565,1721.0835706997652,,489.96053662275534
2025-08-27 10:39:24.921,-23.858,59.848,-31.558,65.114,13.808,1577.8839485919048,,511.7508177799508
2025-08-27 10:39:24.946,136.2,82.559,38.5,-35.193,25.788,1619.8442119205936,,505.37134859301176
2025-08-27 10:39:25.008,106.0,43.495,-88.496,-110.439,156.474,1536.774578315357,,501.9013913083857
2025-08-27 10:39:25.039,131.793,-65.118,11.288,49.766,51.775,1830.1718244458898,,498.58309160704175
2025-08-27 10:39:25.102,71.463,122.308,61.081,44.671,49.982,1543.9918583122937,,490.9687334436978
2025-08-27 10:39:25.132,28.663,83.419,68.1,112.339,67.105,1671.7131628501954,,497.5479272736195
2025-08-27 10:39:25.194,118.14,168.57,9.641,36.585,-30.214,1540.9654424565629,,512.1860190546066
2025-08-27 10:39:25.226,90.304,94.017,48.414,90.897,105.23,1436.730208530832,,505.338809011222
2025-08-27 10:39:25.288,60.842,2.174,56.671,123.048,52.743,1658.7647196993078,,504.288944844953
2025-08-27 10:39:25.320,83.369,33.712,14.486,116.877,24.65,1493.5397093343215,,502.24277644074897
2025-08-27 10:39:25.384,109.376,4.587,82.044,79.693,-24.952,1600.2725994410057,,503.10310929633346
2025-08-27 10:39:25.412,52.439,-36.585,52.896,25.459,83.041,1764.02859912155,,501.62402336297833
2025-08-27 10:39:25.443,36.437,99.412,13.844,-12.681,88.255,1604.2684841380508,,491.33191659751725
2025-08-27 10:39:25.474,-32.364,48.441,195.783,222.625,71.082,1423.314994534628,,494.6199560002051
2025-08-27 10:39:25.573,13.373,50.284,166.126,60.525,33.188,1635.520457494761,,504.83889018294343
2025-08-27 10:39:25.600,110.257,66.741,16.132,56.879,141.701,1739.1742469235508,,507.8031767958923
2025-08-27 10:39:25.631,114.815,49.403,44.205,61.509,71.007,1439.37843789886,,519.3985996046183
2025-08-27 10:39:25.689,44.503,-77.218,26.806,-35.681,25.568,1448.973022862205,,492.85876051877796
2025-08-27 10:39:25.756,53.627,137.433,91.638,81.169,176.52,1565.2831753357925,,494.52264060779225
2025-08-27 10:39:25.787,11.759,-9.688,16.892,41.229,4.433,1580.0898709730536,,482.10653378294234
2025-08-27 10:39:25.840,109.735,70.403,42.229,-29.48,87.453,1680.0433104582946,,493.53118097808704
2025-08-27 10:39:25.895,25.218,25.339,60.681,103.582,104.058,1651.6942936155974,,504.1097122026119
2025-08-27 10:39:25.928,29.477,88.941,16.679,-14.113,127.139,1589.120126915863,,502.16826515828444
2025-08-27 10:39:25.991,93.105,122.737,40.271,69.61,88.816,1589.650471664085,,516.2832677484996
2025-08-27 10:39:26.023,72.655,37.432,53.053,16.629,52.299,1583.6615759328017,,489.46041884453007
2025-08-27 10:39:26.085,20.121,25.776,113.108,70.794,59.873,1588.0662731744928,,517.0035171062464
2025-08-27 10:39:26.115,-15.869,-23.855,119.599,25.089,38.002,1571.3654820270413,,504.5424924695495
2025-08-27 10:39:26.178,106.324,90.734,37.292,63.113,8.554,1513.8592222600178,,508.0338103092555
2025-08-27 10:39:26.209,36.716,99.364,75.753,165.245,104.305,1704.7788658362408,,502.84761548472886
2025-08-27 10:39:26.271,118.887,-9.649,100.355,6.265,-16.473,1429.3435444559136,,485.47805112647575
2025-08-27 10:39:26.310,105.85,38.97,14.365,91.897,16.041,1871.3892876084471,,508.6109727537201
2025-08-27 10:39:26.364,60.712,11.653,93.708,-73.775,1.431,1606.2815065780344,,495.64491738378206
2025-08-27 10:39:26.420,94.392,8.341,36.219,45.968,-4.498,1548.9518628350886,,495.4236193825265
2025-08-27 10:39:26.444,83.195,28.921,68.442,104.363,11.904,1719.2624665877293,,511.9355747421021
2025-08-27 10:39:26.505,54.524,60.888,164.917,93.68,16.144,1688.7442994003568,,492.9501103786836
2025-08-27 10:39:26.538,82.661,54.505,12.954,-28.064,-7.735,1677.7547418997915,,504.7194839707406
2025-08-27 10:39:26.598,93.208,24.996,1.898,56.144,124.428,1705.1507930754476,,489.1128041931985
2025-08-27 10:39:26.630,36.049,82.99,-20.396,0.746,49.999,1470.0874782885874,,503.76404158007807
2025-08-27 10:39:26.692,12.516,108.827,10.904,1.538,100.698,1440.4101954295134,,496.44121401233565
2025-08-27 10:39:26.724,79.144,27.588,58.233,81.737,58.84,1579.9916257206285,,499.15254231804454
2025-08-27 10:39:26.786,5.649,14.543,76.88,20.933,195.863,1685.078941434433,,496.8077351119227
2025-08-27 10:39:26.817,107.264,115.296,-47.846,133.89,49.933,1682.7482237277595,,490.03265463309475
2025-08-27 10:39:26.879,140.495,125.474,188.416,-5.31,97.972,1546.408319372483,,494.68211986478514
2025-08-27 10:39:26.911,50.153,97.117,50.394,38.541,95.459,1612.5146471138394,,501.33108225083663
2025-08-27 10:39:26.974,-15.575,11.626,-8.048,5.172,81.749,1545.0046551052503,,505.0222031057175
2025-08-27 10:39:27.007,18.552,84.442,96.877,43.049,92.687,1469.3510317450978,,499.23339239194667
2025-08-27 10:39:27.069,68.55,21.685,57.033,75.654,100.385,1703.3788517390092,,511.9972421871267
2025-08-27 10:39:27.120,21.26,5.29,-50.732,-31.226,95.913,1563.607339859127,,506.77047706260043
2025-08-27 10:39:27.147,57.449,127.189,25.119,49.782,-8.222,1635.356834996753,,497.3678521851968
2025-08-27 10:39:27.178,85.262,142.155,23.226,37.823,88.788,1512.5707107315357,,521.9299173073722
2025-08-27 10:39:27.258,-0.577,-12.613,101.108,-1.434,69.233,1610.772621755604,,497.121067976922
2025-08-27 10:39:27.313,56.296,40.218,39.233,0.602,30.422,1556.0087547576722,,504.59909952860124
2025-08-27 10:39:27.349,27.799,29.985,42.329,56.86,18.44,1772.1643766998186,,500.53472425593935
2025-08-27 10:39:27.384,47.844,60.847,57.073,119.494,45.286,1666.0664390793106,,517.8540824069353
2025-08-27 10:39:27.411,20.455,-4.228,142.196,63.045,147.777,1576.837011649698,,505.92879178012754
2025-08-27 10:39:27.485,47.594,-18.383,-8.98,185.288,47.084,1696.9437388049428,,501.79414375651095
2025-08-27 10:39:27.552,35.208,73.117,31.342,-1.185,107.256,1632.9576076322862,,499.8081833378656
2025-08-27 10:39:27.600,39.18,-80.155,37.498,110.638,-27.643,1636.5228632264445,,495.9989574632807
2025-08-27 10:39:27.630,77.462,98.084,62.906,114.387,65.441,1647.2957987674,,497.5297020216915
2025-08-27 10:39:27.691,65.287,13.046,121.324,99.411,78.703,1485.088943577138,,503.3823302565636
2025-08-27 10:39:27.723,10.747,-14.106,58.259,27.645,17.254,1719.1658216239723,,507.68656546179864
2025-08-27 10:39:27.786,199.724,90.013,44.285,123.172,47.347,1757.6907267062,,484.8371808997719
2025-08-27 10:39:27.817,20.09,176.245,44.464,27.772,32.54,1608.0695767435216,,495.24306337449474
2025-08-27 10:39:27.850,31.453,12.583,74.542,81.303,-5.991,1556.1695519766656,,503.0451295060527
2025-08-27 10:39:27.915,87.669,100.92,101.38,13.607,73.347,1694.4005875226626,,495.9218594713131
2025-08-27 10:39:27.974,87.877,115.513,-2.333,26.936,88.058,1612.6116686226476,,498.0568135762917
2025-08-27 10:39:28.005,80.409,68.325,25.785,63.066,-2.084,1678.9618488556205,,490.0929859633821
2025-08-27 10:39:28.064,8.687,32.302,68.3,94.627,-38.886,1498.2632726024983,,492.4559707356131
2025-08-27 10:39:28.096,101.917,75.699,-10.643,30.54,19.644,1546.4323238086504,,487.8179598015267
2025-08-27 10:39:28.159,60.735,-68.335,30.207,-35.56,132.651,1595.6030656468904,,485.6463189863133
2025-08-27 10:39:28.189,-75.165,93.675,53.289,23.473,-84.681,1456.7350296844374,,525.0848016155942
2025-08-27 10:39:28.256,4.369,55.922,-20.559,124.626,56.385,1738.9515607560159,,501.7643569240151
2025-08-27 10:39:28.306,-49.024,117.525,85.459,21.151,79.202,1634.6153634417142,,493.2705863674258
2025-08-27 10:39:28.332,-43.884,28.033,136.765,16.874,27.287,1537.9372023982219,,498.85387076264124
2025-08-27 10:39:28.394,17.672,24.121,103.984,-0.989,101.174,1521.7342083211697,,476.31229847703054
2025-08-27 10:39:28.425,44.102,113.446,105.616,34.041,123.038,1542.558616837601,,503.77326952280487
2025-08-27 10:39:28.456,27.837,67.501,38.831,71.113,45.103,1642.5373159362996,,487.4964812220804
2025-08-27 10:39:28.487,-20.269,12.648,80.051,17.082,21.511,1439.673911761062,,500.2819697506146
2025-08-27 10:39:28.536,70.963,17.399,139.289,98.775,84.512,1567.806114208266,,511.2276559619116
2025-08-27 10:39:28.622,54.902,9.567,22.99,-31.679,96.679,1619.728155311747,,493.56005566298313
2025-08-27 10:39:28.622,54.902,9.567,22.99,-31.679,96.679,1619.728155311747,,493.56005566298313
2025-08-27 10:39:28.709,32.898,29.74,34.276,-34.329,106.112,1631.1596295156476,,520.1373274115027
2025-08-27 10:39:28.742,-61.822,95.999,22.456,68.419,-5.561,1581.4848348648718,,508.29171008926227
2025-08-27 10:39:28.770,93.594,39.254,33.741,83.818,41.099,1615.5443389018806,,493.71191255266535
2025-08-27 10:39:28.832,84.692,37.486,159.069,2.284,40.324,1714.0812016400794,,503.45920522784166
2025-08-27 10:39:28.863,23.447,70.034,61.325,124.555,14.183,1480.9219459338444,,501.94130232541545
2025-08-27 10:39:28.930,21.627,43.703,118.654,-61.345,6.466,1734.089271314255,,500.94274962676184
2025-08-27 10:39:28.976,110.777,33.898,61.436,131.442,49.678,1533.4521674693408,,507.9942721597364
2025-08-27 10:39:29.035,88.491,112.693,10.055,76.205,102.623,1557.452419117822,,497.0793167152221
2025-08-27 10:39:29.066,32.698,20.947,98.936,47.879,33.167,1618.3361002888637,,493.2269211020688
2025-08-27 10:39:29.129,79.766,49.101,56.629,14.692,80.622,1556.3722416060587,,495.30872942255735
2025-08-27 10:39:29.161,44.76,-75.951,59.731,126.866,62.047,1639.7549541952294,,500.6049829204406
2025-08-27 10:39:29.193,-33.068,72.329,12.263,110.696,15.532,1855.559672274522,,504.175308228312
2025-08-27 10:39:29.248,115.678,57.742,70.444,56.136,22.358,1636.7928988332865,,511.2015935025202
2025-08-27 10:39:29.318,50.439,35.935,81.379,38.225,23.684,1479.6852231277658,,498.37797100602705
2025-08-27 10:39:29.373,44.984,8.217,61.726,111.823,23.883,1488.6515012330528,,487.7211985991122
2025-08-27 10:39:29.395,88.629,113.123,38.783,83.161,-10.616,1572.2828095034247,,495.03685291986415
2025-08-27 10:39:29.458,9.869,82.577,160.459,14.979,-7.287,1405.2645500933922,,496.0904084663967
2025-08-27 10:39:29.492,68.146,56.711,16.554,20.906,101.632,1458.1082804121136,,494.02842960534446
2025-08-27 10:39:29.552,108.488,75.322,4.961,72.748,83.274,1712.5934643312642,,511.9875958176043
2025-08-27 10:39:29.584,153.592,53.927,26.009,54.995,90.634,1548.5021367327079,,505.94283780053865
2025-08-27 10:39:29.647,45.468,88.061,8.835,120.884,70.932,1470.5533085935078,,508.7420552647727
2025-08-27 10:39:29.678,112.06,17.582,10.203,38.956,74.366,1619.6975440168405,,492.7102383085858
2025-08-27 10:39:29.741,60.138,-22.797,132.845,81.365,79.116,1520.6870620858328,,498.872681962564
2025-08-27 10:39:29.771,100.144,-12.417,9.558,84.283,112.128,1593.328825374035,,480.87265996299817
2025-08-27 10:39:29.802,-35.642,41.528,9.836,19.862,-9.555,1848.9911163486674,,485.91338851138045
2025-08-27 10:39:29.862,-30.96,13.753,157.43,30.074,127.818,1672.286724459316,,491.5414643398495
2025-08-27 10:39:29.926,94.98,138.03,-16.469,92.902,56.882,1636.5725682584496,,496.92970499077603
2025-08-27 10:39:29.926,94.98,138.03,-16.469,92.902,56.882,1636.5725682584496,,496.92970499077603
2025-08-27 10:39:29.999,47.488,-34.837,110.816,69.495,-10.371,1412.8787030506314,,506.9274255241616
2025-08-27 10:39:30.040,4.566,6.195,53.094,54.251,-28.568,1605.5771744976237,,499.7726081573716
2025-08-27 10:39:30.068,4.378,47.096,41.601,-38.386,75.205,1613.068718809188,,489.27182804755955
2025-08-27 10:39:30.099,19.766,66.879,42.278,-7.956,-6.004,1629.609356186482,,493.25091131392054
2025-08-27 10:39:30.131,45.68,89.147,16.485,56.597,33.189,1490.2710240990582,,501.3185144507757
2025-08-27 10:39:30.201,-21.351,101.151,-1.875,64.761,-75.986,1614.8052371122048,,493.53771913860714
2025-08-27 10:39:30.263,36.826,30.237,-32.736,52.753,123.928,1588.381358372592,,505.42354075993256
2025-08-27 10:39:30.318,68.101,-105.266,-3.313,-13.955,-31.016,1503.1054967346186,,497.0424410310592
2025-08-27 10:39:30.346,22.718,41.434,-19.622,117.734,69.066,1625.0593361055458,,520.2665298622582
2025-08-27 10:39:30.409,55.946,57.128,25.055,3.671,110.069,1484.084562168651,,490.5825657757032
2025-08-27 10:39:30.440,48.718,66.487,25.128,146.63,131.834,1706.3713010388358,,504.71960550052853
2025-08-27 10:39:30.503,36.487,-32.548,-51.525,119.813,37.471,1573.0459745025692,,496.23577462060183
2025-08-27 10:39:30.534,26.149,115.728,116.683,49.183,110.227,1735.4111780506714,,503.87622767171496
2025-08-27 10:39:30.596,157.669,8.924,60.52,73.313,98.716,1527.4992060267277,,514.3150952824525
2025-08-27 10:39:30.627,39.653,62.928,114.283,60.964,74.595,1660.2976995462573,,502.6700395989742
2025-08-27 10:39:30.696,52.36,-19.366,39.688,37.87,92.447,1784.7024125965618,,486.3694835316282
2025-08-27 10:39:30.722,6.236,43.317,46.492,31.626,117.525,1434.5871515711192,,514.1804481361731
2025-08-27 10:39:30.781,1.052,84.086,-0.031,-53.008,65.387,1584.2111657495861,,503.8530184239268
2025-08-27 10:39:30.811,31.666,160.915,83.596,78.845,67.632,1660.347976043406,,480.63575603995736
2025-08-27 10:39:30.870,132.317,-18.646,49.694,-12.285,88.387,1752.9666197780778,,491.71179427955116
2025-08-27 10:39:30.905,67.109,36.513,53.174,39.404,71.631,1567.627347418337,,498.27937928805346
2025-08-27 10:39:30.968,38.597,59.697,1.315,88.568,-11.373,1605.4457729617889,,502.6903978650678
2025-08-27 10:39:30.999,34.977,43.15,54.468,-13.837,-22.34,1504.439937393137,,499.447746986485
2025-08-27 10:39:31.027,0.81,109.858,121.131,63.742,99.328,1508.6018361942356,,496.9265997011824
2025-08-27 10:39:31.094,35.903,-10.117,18.419,88.903,100.538,1659.263867899189,,506.15024823470446
2025-08-27 10:39:31.126,111.768,92.958,4.468,-31.455,15.75,1513.7671630679192,,517.0052718333252
2025-08-27 10:39:31.188,19.063,77.756,-11.268,41.056,140.833,1546.2625970824606,,492.087575711977
2025-08-27 10:39:31.222,93.933,54.084,30.536,113.15,136.364,1719.4170107540551,,492.60953487328146
2025-08-27 10:39:31.284,105.805,66.099,37.891,59.835,67.493,1659.0712177523856,,500.68280984398837
2025-08-27 10:39:31.313,-0.024,-11.478,105.752,81.306,11.105,1584.1545451021134,,514.7480225054838
2025-08-27 10:39:31.373,-26.618,76.33,17.003,53.614,85.66,1629.4977246766925,,496.7022927613399
2025-08-27 10:39:31.404,-28.73,141.015,30.911,106.601,-48.253,1459.9703156553453,,479.84650439353067
2025-08-27 10:39:31.467,0.846,33.514,29.867,27.867,152.462,1605.850201551152,,494.9011901224147
2025-08-27 10:39:31.498,-10.588,30.698,-40.126,141.69,84.0,1553.4818610704933,,494.30427983419605
2025-08-27 10:39:31.537,113.649,115.408,67.729,119.783,116.585,1711.2282723135374,,473.3947811874629
2025-08-27 10:39:31.599,15.426,57.769,44.889,17.54,-0.712,1617.5190225205574,,515.2269013372799
2025-08-27 10:39:31.644,63.765,-30.324,91.578,98.528,76.52,1638.046713857035,,493.7502011550353
2025-08-27 10:39:31.670,-0.533,42.466,83.478,5.115,22.141,1703.0300003045675,,482.4332085840246
2025-08-27 10:39:31.736,87.416,113.422,72.062,-43.27,-12.569,1553.2417042153245,,515.7097781701596
2025-08-27 10:39:31.763,63.82,107.608,60.139,48.555,-13.411,1565.1050685074065,,495.6726955189472
2025-08-27 10:39:31.793,-42.677,-9.443,24.207,116.788,103.681,1514.3946424789408,,486.4804122280701
2025-08-27 10:39:31.860,89.132,21.877,-40.314,14.006,47.518,1610.1031785471616,,489.37930552774804
2025-08-27 10:39:31.892,42.776,46.214,62.094,-7.738,86.565,1680.520552564627,,500.61428930900763
2025-08-27 10:39:31.948,109.399,81.133,174.953,118.563,65.796,1433.531059135947,,511.4515456953313
2025-08-27 10:39:31.983,47.469,-15.785,64.834,91.286,31.894,1738.9001712330637,,502.7706797665929
2025-08-27 10:39:32.042,41.414,117.756,32.792,17.825,58.64,1599.6082331991915,,481.41666495468957
2025-08-27 10:39:32.073,59.374,56.969,71.82,74.71,6.815,1417.3659692947226,,488.4465772731169
2025-08-27 10:39:32.136,90.712,69.764,70.164,-45.81,-11.814,1637.1667382558453,,507.43891203451847
2025-08-27 10:39:32.173,113.315,14.325,7.658,111.001,86.063,1556.425881849845,,515.0202990689022
2025-08-27 10:39:32.225,122.303,153.363,89.702,9.591,-0.365,1490.5543859812642,,514.7356048517997
2025-08-27 10:39:32.259,99.701,92.89,26.227,17.064,58.257,1667.9928365033932,,520.1270797676634
2025-08-27 10:39:32.315,30.555,14.147,124.507,54.454,7.227,1607.6638566512506,,495.97728289961634
2025-08-27 10:39:32.349,30.632,110.155,54.129,103.916,65.903,1627.2572579557818,,490.0150847565218
2025-08-27 10:39:32.413,-34.433,18.9,74.967,33.262,20.119,1575.472061961652,,501.1671687211839
2025-08-27 10:39:32.445,96.056,-2.251,27.187,86.711,92.108,1673.3908996483565,,496.6760435486208
2025-08-27 10:39:32.477,64.625,37.87,-2.971,79.282,44.304,1546.919344774802,,495.51313203967294
2025-08-27 10:39:32.509,40.242,-17.919,25.977,-87.057,50.219,1647.5753561596978,,481.6112535593449
2025-08-27 10:39:32.583,61.897,-69.65,75.981,-117.229,82.312,1391.159570529468,,510.6676942040866
2025-08-27 10:39:32.639,30.628,88.905,25.344,126.543,66.699,1567.3973255474386,,489.98434453014676
2025-08-27 10:39:32.695,18.801,59.338,137.134,71.169,34.906,1729.2176048521294,,484.0145844283728
2025-08-27 10:39:32.726,27.663,21.245,13.291,-4.315,17.687,1593.5748643542295,,503.694498696597
2025-08-27 10:39:32.791,9.072,53.427,98.963,52.908,110.082,1580.7324149432172,,487.2639618494771
2025-08-27 10:39:32.820,66.47,77.817,83.912,135.332,17.771,1521.2722253938875,,494.58740011000543
2025-08-27 10:39:32.887,70.513,127.893,22.145,41.124,83.449,1608.8892670498662,,498.8635411719438
2025-08-27 10:39:32.914,60.905,153.743,63.578,119.507,-26.244,1445.3634530825118,,496.7437472993205
2025-08-27 10:39:32.978,54.437,130.547,-53.672,67.591,104.877,1636.8877200698548,,499.72738445652203
2025-08-27 10:39:33.007,68.454,170.984,33.389,-16.049,87.129,1746.0110525403716,,506.4512519561774
2025-08-27 10:39:33.070,36.682,75.485,4.686,30.89,-2.519,1470.5827786416621,,498.64965007206786
2025-08-27 10:39:33.100,1.675,36.256,-53.291,1.44,29.84,1665.5781814908894,,498.41364643411555
2025-08-27 10:39:33.164,11.816,-43.757,33.251,16.566,1.71,1522.0717019824988,,487.62850480956735
2025-08-27 10:39:33.195,-59.355,27.628,31.189,36.22,-13.531,1620.8434403016545,,506.6970961082446
2025-08-27 10:39:33.255,30.215,30.727,-4.021,84.35,21.35,1479.5114915377328,,508.2811040720388
2025-08-27 10:39:33.292,-1.001,31.047,74.277,96.846,116.29,1511.1665886342494,,522.9763902936004
2025-08-27 10:39:33.349,54.618,61.68,-24.516,74.657,8.391,1773.9906912149863,,505.374569218457
2025-08-27 10:39:33.381,13.524,99.526,67.049,125.841,42.07,1830.2872680463138,,504.82786705233883
2025-08-27 10:39:33.413,10.321,73.221,10.098,-13.354,-23.623,1443.00192233989,,505.1037080165736
2025-08-27 10:39:33.466,45.771,94.67,195.002,59.888,58.431,1562.157110680125,,504.7945244631812
2025-08-27 10:39:33.490,22.027,19.649,34.376,91.709,52.945,1562.1016257149784,,487.04560051225917
2025-08-27 10:39:33.565,19.275,8.099,-18.614,19.805,174.182,1556.0213080788262,,500.511304580933
2025-08-27 10:39:33.610,48.294,-1.433,-28.392,73.253,-88.297,1550.4175305110427,,502.5226065173608
2025-08-27 10:39:33.662,110.537,-4.098,-3.992,43.612,145.145,1637.6498212240135,,493.7144832295031
2025-08-27 10:39:33.712,135.257,60.707,128.965,-13.557,69.025,1661.9062813563196,,495.94253158114066
2025-08-27 10:39:33.747,55.656,32.194,80.471,58.553,84.69,1613.140581766322,,512.5945733942602
2025-08-27 10:39:33.803,130.031,-96.758,84.654,83.209,11.854,1672.2552149338326,,486.1961644205609
2025-08-27 10:39:33.837,69.123,81.056,157.754,90.242,-17.068,1720.1748540372796,,527.5663400583127
2025-08-27 10:39:33.865,62.295,96.259,32.158,156.415,69.522,1396.065250361573,,493.7677731093438
2025-08-27 10:39:33.930,10.929,74.849,52.319,-3.427,98.255,1744.6695709595954,,500.0043989266677
2025-08-27 10:39:33.960,-13.784,45.389,82.73,-26.643,66.664,1657.4013831923123,,494.3668326217869
2025-08-27 10:39:34.014,88.936,23.618,99.618,34.545,123.259,1604.829119761503,,503.54736399268734
2025-08-27 10:39:34.069,79.623,78.244,113.153,113.077,51.138,1488.572780324239,,488.48972805825804
2025-08-27 10:39:34.100,84.643,22.855,99.134,38.375,-38.126,1750.337663238768,,497.2231177721724
2025-08-27 10:39:34.153,131.211,-71.13,112.162,72.003,42.478,1729.290867368503,,494.19620796613464
2025-08-27 10:39:34.237,6.343,54.066,115.101,29.841,66.752,1516.0889703240791,,482.8935862815469
2025-08-27 10:39:34.376,78.988,82.5,78.169,19.394,-5.577,1796.5149335169408,,493.3793509550235
2025-08-27 10:39:34.490,131.625,127.961,63.541,73.058,81.95,1753.683330078113,,489.3786272551481
2025-08-27 10:39:34.624,-56.403,95.848,165.454,79.24,176.982,1549.1976565910134,,513.2304060630273
2025-08-27 10:39:34.801,23.127,29.972,63.166,41.969,49.147,1744.8495851458051,,496.4686887640927
2025-08-27 10:39:34.941,37.919,120.968,88.95,16.484,82.88,1630.7484976089236,,504.32568162760737
2025-08-27 10:39:34.973,79.718,74.977,-9.384,-2.518,153.792,1602.907354336102,,510.9009126561515
2025-08-27 10:39:35.099,-2.02,10.138,14.2,-22.189,26.256,1421.6483972889368,,498.8252529648434
2025-08-27 10:39:35.224,70.432,71.189,164.863,102.565,28.331,1651.1815148115704,,518.6173599743586
2025-08-27 10:39:35.288,-6.26,33.542,-65.991,60.553,111.172,1546.9768558340909,,516.1284894470408
2025-08-27 10:39:35.322,45.631,55.709,109.268,25.021,-7.785,1581.7179988259413,,484.5354085384131
2025-08-27 10:39:35.350,107.928,-74.598,129.193,77.532,61.866,1736.3951858918247,,512.272476399816
2025-08-27 10:39:35.445,109.412,25.618,133.199,195.781,36.101,1864.4531409265016,,493.23832849041804
2025-08-27 10:39:35.503,39.267,3.222,66.616,111.438,10.88,1835.731260919559,,502.19398418848596
2025-08-27 10:39:35.564,-3.233,56.284,35.682,65.805,35.581,1610.2986083246815,,507.2973650361335
2025-08-27 10:39:35.596,117.08,73.783,144.586,117.125,161.945,1536.0371167437736,,496.0379799943638
2025-08-27 10:39:35.628,204.769,125.186,43.552,103.395,72.211,1616.545880399401,,503.4057535004329
2025-08-27 10:39:35.660,37.948,118.364,-60.763,8.456,112.792,1572.0504002699522,,505.12288776848226
2025-08-27 10:39:35.722,46.22,14.747,-11.532,39.142,46.045,1613.3108534402852,,503.0530445545927
2025-08-27 10:39:35.758,-13.365,-3.402,57.049,119.721,45.007,1563.2137613450361,,516.8106278758354
2025-08-27 10:39:35.816,78.197,-62.214,107.903,55.258,28.667,1512.229897398326,,497.45206419623935
2025-08-27 10:39:35.853,-16.703,99.442,136.361,166.889,128.889,1681.5769045386733,,494.2680172877829
2025-08-27 10:39:36.051,104.117,57.943,-33.351,16.504,11.774,1558.36801159813,,505.9286114874451
2025-08-27 10:39:36.112,105.477,-1.517,120.073,99.696,-15.897,1656.9680285194402,,502.05821828214243
2025-08-27 10:39:36.143,93.343,92.071,109.907,39.812,14.42,1568.8578933491656,,482.33278822581275
2025-08-27 10:39:36.206,58.599,23.003,82.862,85.349,29.436,1653.379820283273,,496.6430419863973
2025-08-27 10:39:36.238,85.039,54.661,86.077,65.921,45.711,1599.6262675567893,,500.14523532857015
2025-08-27 10:39:36.301,64.634,81.176,149.958,85.217,102.78,1453.0237607968052,,487.4825706055118
2025-08-27 10:39:36.330,102.759,68.613,88.121,86.798,119.464,1614.2256316414757,,494.27997828731964
2025-08-27 10:39:36.393,69.509,71.018,41.064,99.927,47.348,1744.275289690569,,505.11438770508835
2025-08-27 10:39:36.424,105.266,83.745,56.569,71.722,113.071,1648.2662248278705,,501.1840213228072
2025-08-27 10:39:36.486,119.448,-57.347,27.032,35.024,-22.542,1669.0102977974016,,496.9056899750739
2025-08-27 10:39:36.516,-57.189,29.416,18.623,66.051,-26.787,1617.1626109642746,,519.5834943708165
2025-08-27 10:39:36.586,30.275,130.963,22.087,49.915,34.66,1587.7837762066763,,504.68551325050737
2025-08-27 10:39:36.608,-10.644,57.742,23.857,43.91,85.922,1596.8048883386732,,494.2850417802946
2025-08-27 10:39:36.671,24.903,158.118,221.909,80.234,-87.446,1537.9767882318072,,520.025984401424
